"","TDYLD"
"1",0.000402410806605191
"2",0.000394058130697816
"3",0.000306437876660404
"4",0.000355362047671504
"5",0.000357592670064522
"6",0.000377075815457095
"7",0.000292799018186019
"8",0.000369003376985644
"9",0.000371785114081202
"10",0.000370119994318685
"11",0.000394892685311676
"12",0.000394893872713853
"13",0.000391828907076119
"14",0.000298638113805261
"15",0.000383200206602652
"16",0.000374013225425296
"17",0.000378188666612544
"18",0.000381530451379897
"19",0.000386540773431809
"20",0.000385427258364324
"21",0.000399626166098344
"22",0.000321472483828744
"23",0.000402131374230175
"24",0.000391273751846777
"25",0.000387654824632655
"26",0.000382086582602748
"27",0.000303376734520189
"28",0.000372621510678961
"29",0.000379304290756943
"30",0.00038069508245675
"31",0.000392665868923281
"32",0.000393501246388928
"33",0.000393500679928938
"34",0.000394894793565692
"35",0.000401295411524005
"36",0.000313399785403901
"37",0.000389324617163789
"38",0.000378746257420515
"39",0.000369000348665605
"40",0.000355645531574966
"41",0.000307838341476963
"42",0.000390447376697578
"43",0.000384596866831011
"44",0.000392675446595492
"45",0.000318397432521822
"46",0.000401018997264746
"47",0.000323407845019164
"48",0.000387932236407318
"49",0.000385985043744874
"50",0.000387377576512193
"51",0.000321462875099376
"52",0.000389601662784678
"53",0.00039628500826927
"54",0.000394893376825189
"55",0.000308109290056313
"56",0.000372341893104089
"57",0.000379863185059115
"58",0.000414941096556598
"59",0.000407977963232442
"60",0.000308665153347709
"61",0.000396008948463145
"62",0.000422180127173988
"63",0.000430532668063366
"64",0.000434710840540475
"65",0.00037130172714761
"66",0.000459217603990814
"67",0.000459495998659243
"68",0.000482893389632144
"69",0.000379956482726262
"70",0.000476489722275097
"71",0.000499884742897416
"72",0.000508521022605901
"73",0.000512144077221111
"74",0.000404180694900225
"75",0.000508521370993442
"76",0.000499050782692967
"77",0.000505734279133696
"78",0.000482894236744524
"79",0.000414209602779048
"80",0.000531925328649985
"81",0.000530254273168218
"82",0.00053220382941932
"83",0.000541679537311879
"84",0.000563969365080963
"85",0.000574560883978226
"86",0.000595189209225744
"87",0.000601870437230811
"88",0.000469104080138338
"89",0.000597971622055882
"90",0.000587939778909696
"91",0.00059128168626299
"92",0.000604662966173786
"93",0.000486939433491651
"94",0.000608844470959546
"95",0.000605509540501759
"96",0.00058963294559633
"97",0.000495281216670751
"98",0.000660141408437731
"99",0.000529283273573267
"100",0.000685787052561837
"101",0.000641471977875119
"102",0.000676872053925415
"103",0.000592397445829729
"104",0.000442902662181277
"105",0.000538793867223442
"106",0.000700299567357954
"107",0.000539349463220429
"108",0.000703085821056826
"109",0.000705041574704968
"110",0.000725126483190008
"111",0.000709779044203884
"112",0.00055412697412649
"113",0.000686909336395702
"114",0.000721785682136433
"115",0.00075887717414691
"116",0.00076864708344071
"117",0.000793473138355871
"118",0.000777293903609699
"119",0.000622147290138431
"120",0.000760830499077159
"121",0.000768640447337043
"122",0.00074911543584455
"123",0.000759437040026567
"124",0.000771712672496871
"125",0.0007739470117889
"126",0.000607954167752833
"127",0.000754135188922866
"128",0.00074520819767554
"129",0.000719540633749682
"130",0.000693055784322993
"131",0.000575332065687162
"132",0.000721496947461597
"133",0.00072038644109651
"134",0.000740187827380501
"135",0.000745485755779152
"136",0.000742139908416428
"137",0.000741301636623337
"138",0.000723726960563331
"139",0.00073320986270109
"140",0.000593453348314954
"141",0.000735999908008989
"142",0.000714246361861903
"143",0.000717867202342237
"144",0.000713689012969754
"145",0.000570581336996057
"146",0.000709502283414043
"147",0.000714543543206325
"148",0.000697536646433683
"149",0.000696684920267865
"150",0.000741301533483618
"151",0.000601219961575916
"152",0.000757759044319739
"153",0.000741857085977404
"154",0.000712293140875175
"155",0.000669619173666369
"156",0.00046742889746576
"157",0.000523462157197008
"158",0.000676037378430694
"159",0.000535722276417294
"160",0.000660137601346422
"161",0.000640064555728292
"162",0.000648989556480073
"163",0.000640622350227771
"164",0.00048637682293573
"165",0.000600495257282896
"166",0.000661260224134042
"167",0.0006883067513348
"168",0.000697793298528371
"169",0.000715638185411871
"170",0.000707267052608929
"171",0.000676313588176214
"172",0.000671297065000465
"173",0.000676593342139986
"174",0.000662652779165107
"175",0.000678267487768558
"176",0.000682449813047992
"177",0.0006899813832415
"178",0.000550501268695491
"179",0.000689161502563929
"180",0.000671599929654931
"181",0.000623890007908079
"182",0.00058433854492379
"183",0.000528441241383737
"184",0.000639789673063884
"185",0.000665999584708699
"186",0.000673804144065482
"187",0.00066850754098402
"188",0.000670182565686961
"189",0.000677709402491011
"190",0.000678267916996766
"191",0.000684399666466495
"192",0.000545487321044202
"193",0.000677987688172843
"194",0.000683847685559957
"195",0.000682447732169189
"196",0.000657354252179054
"197",0.000665440428114783
"198",0.000535655235935462
"199",0.000670528675769555
"200",0.000669570712754197
"201",0.000673555153552829
"202",0.00054729702133649
"203",0.000699047363864835
"204",0.000562243362954185
"205",0.000646683459663455
"206",0.000599788368825349
"207",0.000624389086257171
"208",0.000525637875612217
"209",0.000536161982452654
"210",0.000687749263968085
"211",0.00068356310251394
"212",0.000543322723477013
"213",0.000672411665998629
"214",0.000672760703632314
"215",0.000677078841067713
"216",0.00051509063821209
"217",0.000645784720947784
"218",0.000665864320770648
"219",0.000686842196868653
"220",0.000715017513005956
"221",0.000574240661390668
"222",0.000682596569594685
"223",0.000709433240619228
"224",0.000700088322731274
"225",0.000691793119005801
"226",0.0006728310645705
"227",0.000666275662239979
"228",0.000645990112188688
"229",0.000619923350400509
"230",0.000472026437970285
"231",0.000614561231971233
"232",0.000612462388670076
"233",0.000640838895726858
"234",0.000680359533406172
"235",0.000551727189584517
"236",0.000637766763530889
"237",0.000673949586954325
"238",0.000698348334282173
"239",0.000696112035476482
"240",0.00068573291876306
"241",0.000723309509278902
"242",0.000714246517994788
"243",0.000671775660103791
"244",0.000511199813401308
"245",0.000660001577407643
"246",0.000650034170811109
"247",0.000618389922379947
"248",0.000638394311348378
"249",0.000644599121775169
"250",0.000512657340121292
"251",0.000650520013913969
"252",0.000660370073954031
"253",0.000677529343099392
"254",0.000526879014344006
"255",0.000644944442529605
"256",0.000490064969257187
"257",0.000679776889718209
"258",0.00067871338476877
"259",0.000694092757797415
"260",0.000556951091173374
"261",0.000552553490866359
"262",0.000677226741292003
"263",0.000700993319312504
"264",0.000542975009602431
"265",0.000673664341954483
"266",0.000661746131664254
"267",0.000666760726021565
"268",0.00051132871542503
"269",0.000637288487940424
"270",0.000688378335299111
"271",0.000710758507312947
"272",0.000725897091362837
"273",0.000748416082732684
"274",0.000728394754445638
"275",0.000552494444455709
"276",0.000698484442641867
"277",0.000676943648006523
"278",0.000650520682194511
"279",0.00066369640163999
"280",0.000663904702181028
"281",0.000646199610464526
"282",0.000505475602706751
"283",0.000652685437406042
"284",0.000665439605795903
"285",0.000669900785576605
"286",0.000653239712784748
"287",0.000524684736134429
"288",0.000637490294029819
"289",0.000651361023254138
"290",0.000668788275587362
"291",0.000660557915537208
"292",0.000668157095819355
"293",0.000655607804695535
"294",0.000640139781250992
"295",0.000659718249175434
"296",0.000628775414564631
"297",0.000489025746301275
"298",0.000584952367497227
"299",0.000604240495849284
"300",0.000457892116356939
"301",0.00042073720723268
"302",0.000399236175857354
"303",0.000464714496566598
"304",0.000456236015485834
"305",0.00046013350046703
"306",0.000382822502571045
"307",0.000504265107186708
"308",0.000447975585582627
"309",0.000600064049719018
"310",0.000579015766108082
"311",0.000560487789351027
"312",0.000479603230680636
"313",0.000485167786122398
"314",0.000610100670888736
"315",0.000630027340793315
"316",0.000462550699546593
"317",0.000593373011783749
"318",0.000571292423911407
"319",0.000604384457264739
"320",0.000476767933556221
"321",0.000595666441299381
"322",0.000604457414005388
"323",0.000617902157757033
"324",0.000613790688525739
"325",0.000633174398587455
"326",0.000526704190234373
"327",0.000612465383455829
"328",0.000590444448128613
"329",0.000583619053020623
"330",0.000606334281421095
"331",0.000609884879106515
"332",0.000608705153320566
"333",0.000587238159152514
"334",0.000598876274460203
"335",0.000469377379186842
"336",0.000521825486812455
"337",0.000531653773939267
"338",0.000574214677536489
"339",0.000579646721784011
"340",0.00047202909352051
"341",0.00061539575787517
"342",0.000610516364930147
"343",0.000613301700889135
"344",0.000588846358453354
"345",0.000600548884823748
"346",0.000594419121226819
"347",0.000638530346795063
"348",0.000615741544981674
"349",0.000466941331831006
"350",0.000582366600762052
"351",0.000616718359426782
"352",0.000607378806490422
"353",0.000598601687898936
"354",0.000491558044580565
"355",0.000623012627574804
"356",0.000602096761495696
"357",0.000594444235353819
"358",0.000509554630828024
"359",0.000567794682909906
"360",0.000395539468154515
"361",0.000569274150802546
"362",0.000630452847992791
"363",0.000692016065545475
"364",0.000597739378610296
"365",0.000648571334705084
"366",0.000696673226427524
"367",0.000711731309875674
"368",0.000555870113591483
"369",0.000706922591181991
"370",0.00071299096089561
"371",0.000706922772170993
"372",0.000714943776584764
"373",0.00057225377278125
"374",0.000708742371728466
"375",0.000726165330076523
"376",0.000696673321098018
"377",0.000770476869356607
"378",0.000823333844513607
"379",0.000796193226788589
"380",0.000772616303572837
"381",0.000607225379677834
"382",0.000731608025835495
"383",0.000711528825903196
"384",0.000740600441251793
"385",0.000728745802691888
"386",0.00070935915558179
"387",0.000515648030495308
"388",0.000682245561898442
"389",0.00070552723358408
"390",0.000728751770503022
"391",0.000746949480311843
"392",0.000608604013310643
"393",0.000794313916503864
"394",0.000822154552386989
"395",0.000823825102240106
"396",0.000826822687528095
"397",0.000835341636433284
"398",0.000831499916257972
"399",0.000849444156278523
"400",0.000857521936766803
"401",0.000659437877120972
"402",0.000817129979346687
"403",0.000818101676619998
"404",0.000799962403539523
"405",0.000804225571662487
"406",0.000661947409665631
"407",0.000826962436055956
"408",0.000821971953933742
"409",0.000834403118742388
"410",0.000840918709762217
"411",0.000825772494658095
"412",0.000657229607773369
"413",0.000849069971397665
"414",0.000800659667445025
"415",0.000791035527064388
"416",0.00070224457957524
"417",0.000586841526771797
"418",0.000611718656554183
"419",0.000739484394405299
"420",0.000568693358145245
"421",0.000708804753954295
"422",0.000663907813413633
"423",0.000676245672638132
"424",0.000663763733167233
"425",0.000522483835436072
"426",0.000653306948276811
"427",0.000652893954170342
"428",0.000650033701110608
"429",0.000645299001793331
"430",0.000651143158023837
"431",0.000556584248255554
"432",0.000435156787457869
"433",0.000512069809958993
"434",0.000490832706361966
"435",0.000507268832358632
"436",0.000515276097833084
"437",0.000483031237313858
"438",0.000478923334905179
"439",0.000373543065338877
"440",0.000474397819910877
"441",0.000459844418827959
"442",0.000452045887458841
"443",0.000449818723403217
"444",0.00036401440374223
"445",0.000466460508723898
"446",0.000475094341214621
"447",0.000486793732024982
"448",0.000494175748168235
"449",0.000494522742374937
"450",0.000480663822886473
"451",0.000475372905744509
"452",0.000473560821128816
"453",0.00037479649717298
"454",9.30204230298326e-05
"455",5.75446806254654e-05
"456",0.000330312631572793
"457",0.000301790256790113
"458",0.000249871590950468
"459",0.000317372897627788
"460",0.000313341859471405
"461",0.000299221017409979
"462",0.000268192927936006
"463",0.000219335233931028
"464",0.000218702877562871
"465",0.000267357976664995
"466",0.00024489417923057
"467",0.000228900943674892
"468",0.000228900699360102
"469",0.000187068204112961
"470",0.000186998423942875
"471",0.000227718671943267
"472",0.000218400980420475
"473",0.000183033969223922
"474",0.000229874281009845
"475",0.000230083079342247
"476",0.000236758656452452
"477",0.000189639869718095
"478",0.000241139545639202
"479",0.000239609898859738
"480",0.000243086764807554
"481",0.000241626492859748
"482",0.000192765332468703
"483",0.000241348170256783
"484",0.000234950585491722
"485",0.000231264990578461
"486",0.000227232130793675
"487",0.000236132673513412
"488",0.0002369671159419
"489",0.000237453817373723
"490",0.000233837962736461
"491",0.000188109859869057
"492",0.000234883364877758
"493",0.000235162377806741
"494",0.000229248476005139
"495",0.00023022192117983
"496",0.000184281349945081
"497",0.000233976984326478
"498",0.000233073005967199
"499",0.000232934065503621
"500",0.000232864166193947
"501",0.000228553069173909
"502",0.000228135906628735
"503",0.00022848361759209
"504",0.000231126074593968
"505",0.000183520519005942
"506",0.000231404051061812
"507",0.000225632481199778
"508",0.000226327938828819
"509",0.000217566784354917
"510",0.000218887889305908
"511",0.000180183115698451
"512",0.000227231784909021
"513",0.000208529102078581
"514",0.000176341482676312
"515",0.000132283571166125
"516",0.000167094330811635
"517",0.000135061604039199
"518",0.00016758082145607
"519",0.000166190473025463
"520",0.000161741905459589
"521",0.000120746325508847
"522",0.00012665447011706
"523",0.000158475117233881
"524",0.000159031117302755
"525",0.000125888747737779
"526",0.000157015468536192
"527",0.000158614171170246
"528",0.00016035180833196
"529",0.000129781185871813
"530",0.000167928284051211
"531",0.000162923536700665
"532",0.000156181300623004
"533",0.000158475129582003
"534",0.000160212676739935
"535",0.000158058005087724
"536",0.000161185918041262
"537",0.00012609575172462
"538",0.000153957118566472
"539",0.000151107252263749
"540",0.00014630877719668
"541",0.000133593211662175
"542",0.000146312135800519
"543",0.000128251982219663
"544",0.000155416783566453
"545",0.000144712818258341
"546",0.000121358793292892
"547",0.000114065134136476
"548",8.82906560331076e-05
"549",0.000121431281078888
"550",0.000116914228903253
"551",0.000119624707162869
"552",0.000123377140555103
"553",0.000121639851801136
"554",0.000128867364559859
"555",0.000128450306292383
"556",0.000133315102986753
"557",0.000104691044242822
"558",0.000126087312442902
"559",0.000119972002987634
"560",0.000117887224587054
"561",0.000112258666112641
"562",0.000118999207988635
"563",9.59350101101819e-05
"564",0.000124002713917104
"565",0.000130466368437832
"566",0.000129146209669972
"567",9.88539373221187e-05
"568",0.000124906082155318
"569",0.000102466333472773
"570",0.000129216345351013
"571",0.000123517002660334
"572",0.000117817733394032
"573",9.24592707016725e-05
"574",8.83570575138659e-05
"575",0.000119485544826103
"576",0.000113787146492905
"577",8.29406902722596e-05
"578",0.000112675606278811
"579",0.000117956785931517
"580",0.000119277155255393
"581",9.9548638547553e-05
"582",0.000129770677914642
"583",0.000131369125567327
"584",0.000130535181679159
"585",0.000127824820886024
"586",0.000129353734789062
"587",0.00012900622746681
"588",0.000102188278690019
"589",0.000125670428317237
"590",0.000120872420978912
"591",0.000114270934621574
"592",0.000117053521047961
"593",0.000118026212544198
"594",0.000121639828598141
"595",0.000126017988246963
"596",0.000103092744395905
"597",0.000105732710698803
"598",0.000137693490912971
"599",0.000143392845366241
"600",0.0001438788028576
"601",0.000119561517334166
"602",0.000154860675586788
"603",0.000159726579715302
"604",0.000175157664282333
"605",0.000177174207381947
"606",0.000185167947711617
"607",0.000183082581344474
"608",0.000186280865430044
"609",0.000198029835493552
"610",0.000169406451063336
"611",0.000214090210614026
"612",0.000210127101016866
"613",0.000207137291700077
"614",0.000209432025325418
"615",0.000171841346470858
"616",0.000218195717629932
"617",0.00023238000842829
"618",0.000247054685394543
"619",0.000204655240521934
"620",0.000254352534301727
"621",0.000214391329973251
"622",0.000277374500370353
"623",0.00028161426920037
"624",0.00026680188872108
"625",0.000202987549731581
"626",0.000243574046661754
"627",0.000271392894059419
"628",0.000274592338301183
"629",0.000210432777309366
"630",0.000281131119302724
"631",0.000289339140270739
"632",0.000314799777259678
"633",0.000323148152656216
"634",0.00026698622690069
"635",0.000342004036638643
"636",0.000350979886387659
"637",0.000361835697966439
"638",0.000294044311057728
"639",0.000363156808351084
"640",0.000356615966712326
"641",0.000356824951918355
"642",0.000358494365398698
"643",0.000359399630020851
"644",0.000352441784901014
"645",0.000347778155636691
"646",0.000341657904901593
"647",0.000370813179512153
"648",0.000304978255257105
"649",0.00038410483102802
"650",0.000378258745401094
"651",0.000379372293763947
"652",0.000396495498348859
"653",0.000326692519582394
"654",0.000408954206988055
"655",0.000417586733447495
"656",0.000438052614227802
"657",0.000450860791089136
"658",0.000454482709938198
"659",0.00044612894759033
"660",0.000454971113374558
"661",0.000462907710595983
"662",0.000364213279160142
"663",0.000443267690116933
"664",0.000415287923479557
"665",0.000393503531191497
"666",0.000447730952533476
"667",0.00037229214127632
"668",0.000467504531132423
"669",0.000491472660170578
"670",0.000514388812461686
"671",0.000420045519093915
"672",0.00053854329242653
"673",0.000425959372809759
"674",0.000541747843380236
"675",0.000528019810467573
"676",0.000486862527329768
"677",0.000478366915968031
"678",0.000397781584275281
"679",0.000442072053609133
"680",0.000562507141720348
"681",0.00043371183423413
"682",0.000559646612253273
"683",0.00057888300718556
"684",0.000591284025542205
"685",0.000597346303921276
"686",0.000483944229118238
"687",0.000607937776898382
"688",0.000604941707068596
"689",0.000608984217113084
"690",0.000629962243444693
"691",0.000637696732490145
"692",0.000635188068665249
"693",0.000503151514260614
"694",0.000620413011831689
"695",0.00062835799566785
"696",0.000627521477497117
"697",0.000631145759176333
"698",0.000641463058192571
"699",0.000649964498972366
"700",0.000519275886378345
"701",0.000652613944438274
"702",0.00063783518313465
"703",0.000636784248477795
"704",0.000639226171222473
"705",0.000520191492112909
"706",0.000664882398720534
"707",0.000667043193961492
"708",0.000673947285302345
"709",0.000700855408840573
"710",0.000704061124792821
"711",0.000702946238811064
"712",0.000705732177883389
"713",0.000703505191645082
"714",0.000536142160001418
"715",0.000654147232046487
"716",0.000646200588019896
"717",0.000628844366560521
"718",0.000640975568033664
"719",0.000532102544966273
"720",0.000683635797282145
"721",0.000696482913427721
"722",0.00070771759420829
"723",0.000710339986757846
"724",0.000710898081219602
"725",0.000570332666710804
"726",0.000716475634878533
"727",0.000687605799527757
"728",0.000662092842303563
"729",0.000657702545046934
"730",0.000516000589330545
"731",0.000518789392122576
"732",0.000671576420464115
"733",0.000542904494112317
"734",0.000675478548620712
"735",0.00067673487351172
"736",0.000697790222990768
"737",0.000709362137678804
"738",0.000573650157937422
"739",0.000713129826940717
"740",0.000714941760458387
"741",0.000712291571992596
"742",0.00071152624600801
"743",0.000701133485889072
"744",0.000697509834313825
"745",0.000687398764597003
"746",0.00067303849803424
"747",0.000667600412973091
"748",0.000642019913920766
"749",0.000647316130894193
"750",0.000641742832923731
"751",0.000670949400332299
"752",0.000530704326042297
"753",0.000651497999592188
"754",0.000626404167855865
"755",0.00058939644876288
"756",0.000578667763597274
"757",0.000505285644174736
"758",0.000638394966061107
"759",0.000642856313723961
"760",0.000671156953400809
"761",0.000678267815656053
"762",0.000652887088172127
"763",0.000532762209666915
"764",0.000440877228203185
"765",0.000569336952574551
"766",0.000474533153107304
"767",0.000545020469567836
"768",0.000487626265035068
"769",0.000450585298639838
"770",0.000485817774904973
"771",0.000419789013012428
"772",0.000508798447860004
"773",0.000516895625095604
"774",0.000530408896103562
"775",0.000506360396957284
"776",0.000414768251992603
"777",0.000391630700377066
"778",0.000481779328937115
"779",0.000467360256633409
"780",0.000379580411876468
"781",0.000348960069955773
"782",0.000299900209943083
"783",0.000328995298605861
"784",0.000452530495303582
"785",0.000411805749796157
"786",0.000226847993051393
"787",0.000250458743075166
"788",0.000290522481881439
"789",0.000330662177445484
"790",0.000256618933088149
"791",0.000298589021761053
"792",0.000255186448679945
"793",0.000213742886469914
"794",4.0075254087224e-05
"795",0.000151737632772431
"796",0.000200811540105539
"797",0.000153540629259652
"798",0.000116984047969115
"799",9.44709444645753e-05
"800",0.000152081387982506
"801",0.000196501902261614
"802",0.000244478387211089
"803",0.000265063569804269
"804",0.000215997066459028
"805",0.000254073968251056
"806",0.000253519041657491
"807",0.000228205281865179
"808",0.000191494438308792
"809",0.000187342755843867
"810",0.000224310759220137
"811",0.000176756743513806
"812",0.000207626952460682
"813",0.000218470139425664
"814",0.000212074573681331
"815",0.000237245559214339
"816",0.000235159345141733
"817",0.000218888163149966
"818",0.000174550702715326
"819",0.000204564808604202
"820",3.19474513617024e-05
"821",3.63943381214149e-05
"822",3.19487403150909e-05
"823",2.13902985406467e-05
"824",6.73633823944364e-06
"825",4.83374327817643e-05
"826",2.1873623345936e-05
"827",1.63897072282815e-05
"828",7.3585316726632e-06
"829",5.83343746374254e-06
"830",2.36113288742956e-06
"831",2.77780405122385e-06
"832",1.66667554046818e-06
"833",1.38889444478707e-06
"834",1.11111527800745e-06
"835",1.52778661277608e-06
"836",3.81949222183486e-06
"837",3.95837900546425e-06
"838",2.56946908572253e-06
"839",9.65323241453042e-06
"840",2.6321493104664e-05
"841",2.96553491920815e-05
"842",2.27796058975827e-05
"843",2.34737999480483e-05
"844",1.48617541078089e-05
"845",1.3958895114019e-05
"846",1.1250362758064e-05
"847",4.58341190645584e-06
"848",1.74315633283406e-05
"849",1.54869270676539e-05
"850",8.54193283639226e-06
"851",7.22238415806764e-06
"852",4.44451190828588e-06
"853",1.7223088394358e-05
"854",1.72230741266599e-05
"855",1.52784626836766e-05
"856",1.42368270694693e-05
"857",1.47923171474051e-05
"858",1.02086424429437e-05
"859",1.15976384169603e-05
"860",1.06253550118396e-05
"861",1.30561529607665e-05
"862",1.97233461767254e-05
"863",1.95844349537566e-05
"864",2.00706094308778e-05
"865",1.74314332461734e-05
"866",1.90982725498667e-05
"867",1.56257062322585e-05
"868",1.32644094297252e-05
"869",1.34033149390422e-05
"870",1.35421927456303e-05
"871",9.09750977218238e-06
"872",5.4862077665252e-06
"873",3.40281576272083e-06
"874",2.50002612123268e-06
"875",4.51394735323518e-06
"876",4.86119737641566e-06
"877",4.79173984535564e-06
"878",3.12502877863885e-06
"879",5.2778737220649e-06
"880",5.55566551230235e-06
"881",4.30561714503952e-06
"882",5.00008810977448e-06
"883",1.00697430305274e-05
"884",6.3196109889585e-06
"885",2.77778327451017e-07
"886",2.77778231083659e-07
"887",1.04168185788289e-06
"888",3.68059845734514e-06
"889",6.25005273535706e-07
"890",2.08334921891762e-06
"891",2.77778703816622e-07
"892",4.65284091544227e-06
"893",4.23616811451311e-06
"894",5.13899546739083e-06
"895",9.23636669747374e-06
"896",1.06947845073257e-05
"897",1.30560481206299e-05
"898",1.59729762123639e-05
"899",1.48617502178094e-05
"900",1.85426768182229e-05
"901",2.13207509700553e-05
"902",2.04178682545741e-05
"903",1.91677248029265e-05
"904",1.84732057755266e-05
"905",1.45839638370227e-05
"906",1.86121266909645e-05
"907",2.20152882983715e-05
"908",2.04873186460119e-05
"909",1.31950506356837e-05
"910",8.75023711799372e-06
"911",4.37506066841564e-06
"912",5.0000804536765e-06
"913",1.48618857913618e-05
"914",1.7431622170383e-05
"915",1.99317035187718e-05
"916",1.92371805913805e-05
"917",1.90288221204593e-05
"918",1.87510125684298e-05
"919",1.80564984992859e-05
"920",1.91677274556934e-05
"921",2.15291186180799e-05
"922",1.95149891402124e-05
"923",1.18060415110754e-05
"924",1.40283555858378e-05
"925",1.48617516548821e-05
"926",1.43062267863314e-05
"927",1.86121099894354e-05
"928",1.50702565422378e-05
"929",1.81259636486963e-05
"930",1.72925472572416e-05
"931",1.72925433108428e-05
"932",1.15282278312367e-05
"933",1.56951626593127e-05
"934",1.40979112512873e-05
"935",2.06262238968691e-05
"936",1.41672516218438e-05
"937",9.79194373806891e-06
"938",4.09728877714954e-06
"939",4.9306441525232e-06
"940",1.52090232390378e-05
"941",1.83343006350256e-05
"942",1.54869526913792e-05
"943",1.83342968149702e-05
"944",1.82648481530379e-05
"945",1.40283535745578e-05
"946",1.08336694140121e-05
"947",1.15282573587283e-05
"948",1.48617514956761e-05
"949",8.54188484500362e-06
"950",6.45845725610883e-06
"951",5.76398607687878e-06
"952",4.30561415543096e-06
"953",1.87501353221542e-06
"954",3.05558724722488e-06
"955",2.29168645615729e-06
"956",2.91669104957037e-06
"957",1.11111487277604e-06
"958",1.66667491341421e-06
"959",2.1527921103548e-06
"960",3.33336828495234e-06
"961",3.05558950652873e-06
"962",2.5000193482061e-06
"963",1.38889470502335e-06
"964",6.94446248061809e-07
"965",4.1666743832991e-07
"966",9.72229400542091e-07
"967",5.55557069681356e-07
"968",2.70837080496023e-06
"969",1.21533058332624e-05
"970",4.65292877649404e-06
"971",1.45834266973566e-06
"972",2.7777826971942e-07
"973",5.55557166270759e-07
"974",1.11111944467446e-06
"975",7.63892242794384e-07
"976",2.77778240853621e-07
"977",1.3888910110893e-07
"978",2.7777826971942e-07
"979",4.16667843561314e-07
"980",1.25000571715717e-06
"981",1.5277853588902e-06
"982",9.72227828466288e-07
"983",6.94446759208489e-07
"984",4.1666743832991e-07
"985",4.86112350595036e-07
"986",1.11111636780237e-06
"987",9.305587529429e-07
"988",1.3888910110893e-07
"989",6.94444974858044e-08
"990",2.08333629903024e-07
"991",1.3888910110893e-07
"992",4.16667959246553e-07
"993",1.59723342019191e-06
"994",2.2916904973691e-06
"995",3.1250406957728e-06
"996",6.87514423636237e-06
"997",6.04177779983672e-06
"998",6.38900704852396e-06
"999",4.51399281531373e-06
"1000",7.70851127085415e-06
"1001",7.15293003916706e-06
"1002",8.05575359463795e-06
"1003",8.75022164104067e-06
"1004",5.27786126713892e-06
"1005",7.6390620709077e-06
"1006",9.16691014762883e-06
"1007",6.31956262586719e-06
"1008",8.19464964263439e-06
"1009",6.38901541849535e-06
"1010",9.16691318142426e-06
"1011",8.8891190783702e-06
"1012",7.43072794229249e-06
"1013",4.02783702835308e-06
"1014",6.38900762228722e-06
"1015",7.50017002348891e-06
"1016",5.27786007120667e-06
"1017",4.65284096118346e-06
"1018",5.90291040380997e-06
"1019",9.58360286462678e-06
"1020",6.73625249225651e-06
"1021",8.54188431476111e-06
"1022",5.41675510401518e-06
"1023",8.75025381996686e-06
"1024",1.21532035464167e-05
"1025",1.29171519445137e-05
"1026",1.38200006503109e-05
"1027",1.06253940073131e-05
"1028",1.14587116764042e-05
"1029",7.01403441749626e-06
"1030",3.68061187216995e-06
"1031",1.09726029979829e-05
"1032",1.25005558597735e-05
"1033",1.45145005050473e-05
"1034",1.42367356747997e-05
"1035",7.98636313548151e-06
"1036",1.24310561671059e-05
"1037",1.36117577742567e-05
"1038",1.28478047394243e-05
"1039",1.97233509713346e-05
"1040",1.3681117911446e-05
"1041",3.61115547908852e-06
"1042",1.38889656664531e-06
"1043",1.25000785344831e-06
"1044",4.93065337603404e-06
"1045",4.37506293282652e-06
"1046",7.08347857236724e-06
"1047",5.06954379120295e-06
"1048",3.40281281863142e-06
"1049",4.51394775335956e-06
"1050",1.00003086931366e-05
"1051",1.06948611495739e-05
"1052",9.9308407943699e-06
"1053",1.05558943428452e-05
"1054",1.05558816967388e-05
"1055",9.09746537303135e-06
"1056",5.83345259985713e-06
"1057",7.70850503695186e-06
"1058",6.59734867203277e-06
"1059",4.51394772449376e-06
"1060",5.20841240292391e-06
"1061",3.05558334567912e-06
"1062",1.25000640416317e-06
"1063",9.72225870476962e-07
"1064",2.01390394471979e-06
"1065",1.80556817364064e-06
"1066",4.44450718695144e-06
"1067",4.93062732576099e-06
"1068",3.26392090110872e-06
"1069",1.38889526191122e-06
"1070",1.80556977258384e-06
"1071",2.63890978025039e-06
"1072",1.11111495981753e-06
"1073",1.18056006215284e-06
"1074",1.18056051312543e-06
"1075",5.27786371007366e-06
"1076",6.04177370022718e-06
"1077",1.7361276285488e-06
"1078",2.70835456928076e-06
"1079",2.08335038598406e-06
"1080",1.6666747635341e-06
"1081",8.33335612071551e-07
"1082",2.77780925239668e-06
"1083",1.21532909538313e-05
"1084",3.59066149715481e-05
"1085",1.45151444843616e-05
"1086",2.15279220450171e-06
"1087",3.9583797195597e-06
"1088",4.65284405759547e-06
"1089",5.27787723303419e-06
"1090",3.95837867039894e-06
"1091",3.8889451015045e-06
"1092",3.19447364027781e-06
"1093",2.56946413013104e-06
"1094",1.25000725548219e-06
"1095",3.47222817609349e-07
"1096",6.94446267379689e-07
"1097",7.63890801058764e-07
"1098",6.25001429943595e-07
"1099",2.0139225656024e-06
"1100",4.65284419259859e-06
"1101",5.90293056901281e-06
"1102",4.02784598918515e-06
"1103",1.3888963326103e-06
"1104",4.02783153297115e-06
"1105",6.94458624272976e-06
"1106",6.52790486443955e-06
"1107",6.80569072497583e-06
"1108",4.5833969846143e-06
"1109",3.19447398755557e-06
"1110",4.37505693340334e-06
"1111",2.98614154892185e-06
"1112",1.59723070725093e-06
"1113",1.38889820844312e-06
"1114",1.66667611400939e-06
"1115",1.38889498435546e-06
"1116",2.84725510035777e-06
"1117",3.81949703753826e-06
"1118",4.16671836478422e-06
"1119",2.98613678650916e-06
"1120",2.43057387150358e-06
"1121",8.3333627021176e-07
"1122",1.25000538209186e-06
"1123",2.36112904139496e-06
"1124",2.77780217050605e-06
"1125",3.12502970700734e-06
"1126",1.9444588663653e-06
"1127",1.94445815471234e-06
"1128",3.6111488332935e-06
"1129",3.68059472455329e-06
"1130",2.63890920382259e-06
"1131",1.458340844529e-06
"1132",8.33335747074671e-07
"1133",3.47223271246477e-07
"1134",1.38889440837175e-07
"1135",9.72226620765682e-07
"1136",1.18056112796694e-06
"1137",2.43058214732805e-06
"1138",3.05558383972837e-06
"1139",4.16668709091184e-07
"1140",4.65284195017013e-06
"1141",4.37506860451187e-06
"1142",3.40282147059945e-06
"1143",3.75004969699333e-06
"1144",2.77780709923015e-06
"1145",3.61115623137565e-06
"1146",2.083351401172e-06
"1147",6.94446607552024e-07
"1148",4.16669637459677e-07
"1149",1.80556555995359e-06
"1150",2.15279196336127e-06
"1151",9.72227823581306e-07
"1152",1.8055652488691e-06
"1153",1.38889444478707e-06
"1154",1.38889473388915e-06
"1155",1.04167206549377e-06
"1156",2.08334652773701e-06
"1157",1.04167004000288e-06
"1158",2.50002188484366e-06
"1159",2.01391116916305e-06
"1160",9.02781903455718e-07
"1161",2.50002402624183e-06
"1162",2.63891086071943e-06
"1163",3.26392158589428e-06
"1164",1.66667623435757e-06
"1165",-1.38885647982256e-07
"1166",7.63891066180022e-07
"1167",1.11111537659525e-06
"1168",1.18056111353404e-06
"1169",9.02781114975326e-07
"1170",1.52778547457544e-06
"1171",1.30556248123526e-06
"1172",-6.9444289640952e-07
"1173",-1.94443098955333e-06
"1174",-5.55551646908015e-07
"1175",1.87501133797063e-06
"1176",2.29168355536657e-06
"1177",4.02782722863648e-06
"1178",4.86118067266617e-06
"1179",4.16671801795054e-06
"1180",4.51395531353427e-06
"1181",1.66667713163982e-06
"1182",2.08334837004109e-06
"1183",5.55558179238247e-07
"1184",2.08335118623282e-06
"1185",-9.16643139281526e-07
"1186",-3.12497021648372e-06
"1187",-2.43053587967168e-06
"1188",-1.3888797453232e-06
"1189",4.86118976628092e-07
"1190",9.09752549360654e-06
"1191",1.4583409599922e-06
"1192",2.98614730720459e-06
"1193",5.41678457399719e-06
"1194",5.20841743290035e-06
"1195",8.12523982207658e-06
"1196",1.75704370053431e-05
"1197",2.44461696059517e-05
"1198",1.93066725089341e-05
"1199",1.50007751720249e-05
"1200",1.11115727106093e-05
